FECHAS,CODIGO INTERNET,MUNICIPIO
2017-04-12,715,ALMEIDA
2017-04-29,1408,AQUITANIA
2017-04-29,1485,AQUITANIA
2017-03-01,1388,AQUITANIA
2017-02-05,685,AQUITANIA
2017-05-04,1293,AQUITANIA
2017-04-02,1567,AQUITANIA
2017-05-25,1906,AQUITANIA
2017-05-19,748,AQUITANIA
2017-04-23,941,AQUITANIA
2017-04-25,1010,AQUITANIA
2017-03-11,469,AQUITANIA
2017-04-26,285,AQUITANIA
2017-04-14,1782,AQUITANIA
2017-03-25,1311,AQUITANIA
2017-03-04,732,AQUITANIA
2017-03-19,970,AQUITANIA
2017-05-25,1939,AQUITANIA
2017-05-24,872,ARCABUCO
2017-05-16,1140,ARCABUCO
2017-02-09,1838,ARCABUCO
2017-04-21,1298,BELÉN
2017-02-14,460,BELÉN
2017-04-07,1313,BELÉN
2017-04-25,844,BERBEO
2017-04-06,1585,BETÉITIVA
2017-03-23,1535,BETÉITIVA
2017-04-03,740,BOAVITA
2017-03-16,781,BOAVITA
2017-05-11,1517,BOAVITA
2017-05-15,1872,BOAVITA
2017-03-14,349,BOYACÁ
2017-05-17,1232,BOYACÁ
2017-02-02,1844,BOYACÁ
2017-03-30,336,BOYACÁ
2017-05-01,1688,BRICEÑO
2017-04-24,1020,BRICEÑO
2017-04-01,1173,BRICEÑO
2017-03-06,994,BUENAVISTA
2017-05-17,60,BUENAVISTA
2017-03-23,959,BUENAVISTA
2017-03-22,177,BUENAVISTA
2017-04-13,606,CALDAS
2017-04-13,879,CALDAS
2017-03-06,1395,CALDAS
2017-02-14,1719,CALDAS
2017-05-07,1220,CALDAS
2017-03-09,547,CAMPOHERMOSO
2017-04-10,1469,CAMPOHERMOSO
2017-05-09,948,CAMPOHERMOSO
2017-04-01,30,CAMPOHERMOSO
2017-04-03,822,CAMPOHERMOSO
2017-02-21,1261,CAMPOHERMOSO
2017-05-25,1753,CERINZA
2017-05-05,1317,CERINZA
2017-02-03,97,CHINAVITA
2017-03-24,1011,CHINAVITA
2017-03-16,568,CHINAVITA
2017-02-07,441,CHINAVITA
2017-02-21,1351,CHIQUINQUIRÁ
2017-04-28,202,CHIQUINQUIRÁ
2017-05-16,1034,CHIQUINQUIRÁ
2017-05-20,1504,CHIQUINQUIRÁ
2017-03-12,720,CHIQUINQUIRÁ
2017-02-16,329,CHIQUINQUIRÁ
2017-05-26,1442,CHÍQUIZA
2017-04-19,916,CHÍQUIZA
2017-04-03,1091,CHÍQUIZA
2017-04-19,1303,CHÍQUIZA
2017-04-26,564,CHÍQUIZA
2017-04-27,1530,CHÍQUIZA
2017-04-16,885,CHÍQUIZA
2017-03-17,852,CHÍQUIZA
2017-04-03,1075,CHISCAS
2017-01-31,543,CHISCAS
2017-03-07,1689,CHISCAS
2017-04-08,378,CHISCAS
2017-05-03,858,CHISCAS
2017-05-05,1948,CHISCAS
2017-04-21,465,CHISCAS
2017-03-22,743,CHITA
2017-03-07,660,CHITA
2017-02-03,827,CHITA
2017-05-04,891,CHITA
2017-02-15,711,CHITA
2017-02-06,248,CHITA
2017-04-23,102,CHITA
2017-05-27,327,CHITA
2017-03-13,861,CHITA
2017-02-27,290,CHITA
2017-03-16,1545,CHITA
2017-02-11,1169,CHITA
2017-04-06,1723,CHITA
2017-05-03,1387,CHITA
2017-03-16,1540,CHITA
2017-04-18,1376,CHITA
2017-02-18,344,CHITA
2017-05-07,249,CHITA
2017-04-08,1368,CHITA
2017-03-15,1874,CHITARAQUE
2017-02-05,874,CHITARAQUE
2017-03-06,112,CHITARAQUE
2017-05-06,234,CHITARAQUE
2017-05-18,363,CHITARAQUE
2017-03-30,1705,CHITARAQUE
2017-04-05,1970,CHIVATÁ
2017-04-20,47,CHIVATÁ
2017-04-19,1159,CHIVATÁ
2017-03-23,1836,CHIVATÁ
2017-02-01,388,CHIVOR
2017-02-01,751,CHIVOR
2017-04-08,798,CHIVOR
2017-02-17,1103,CIÉNEGA
2017-04-22,438,CIÉNEGA
2017-05-24,424,CIÉNEGA
2017-03-20,1416,CÓMBITA
2017-03-08,949,CÓMBITA
2017-04-27,1044,CÓMBITA
2017-01-30,698,CÓMBITA
2017-04-09,1670,CÓMBITA
2017-04-05,1320,CÓMBITA
2017-03-16,431,CÓMBITA
2017-05-24,837,CÓMBITA
2017-02-11,1015,CÓMBITA
2017-04-19,654,CÓMBITA
2017-02-19,1915,COPER
2017-05-23,1285,CORRALES
2017-04-20,966,COVARACHÍA
2017-04-14,1914,COVARACHÍA
2017-04-28,1569,COVARACHÍA
2017-04-12,1680,COVARACHÍA
2017-05-12,782,COVARACHÍA
2017-03-01,1711,CUBARÁ
2017-03-03,57,CUBARÁ
2017-04-19,1949,CUBARÁ
2017-03-21,1181,CUBARÁ
2017-04-06,1516,CUBARÁ
2017-02-06,35,CUBARÁ
2017-03-26,1367,CUBARÁ
2017-03-26,1863,CUBARÁ
2017-05-10,288,CUBARÁ
2017-03-06,820,CUCAITA
2017-03-29,1554,CUCAITA
2017-05-26,1859,CUÍTIVA
2017-05-27,600,CUÍTIVA
2017-05-09,178,EL COCUY
2017-04-29,87,EL COCUY
2017-02-07,295,EL COCUY
2017-03-21,1669,EL COCUY
2017-05-26,1271,EL COCUY
2017-05-05,877,EL ESPINO
2017-02-11,1188,EL ESPINO
2017-05-01,1731,FIRAVITOBA
2017-05-05,425,FIRAVITOBA
2017-04-18,799,FIRAVITOBA
2017-05-14,1233,FIRAVITOBA
2017-05-15,1215,FLORESTA
2017-03-12,1851,FLORESTA
2017-03-03,1644,GACHANTIVÁ
2017-03-09,140,GACHANTIVÁ
2017-04-27,1135,GACHANTIVÁ
2017-03-29,666,GACHANTIVÁ
2017-03-23,686,GACHANTIVÁ
2017-02-12,550,GACHANTIVÁ
2017-02-24,1069,GAMEZA
2017-05-02,7,GAMEZA
2017-05-17,286,GARAGOA
2017-02-19,1655,GARAGOA
2017-05-13,1865,GARAGOA
2017-02-08,274,GUACAMAYAS
2017-03-10,397,GUACAMAYAS
2017-05-27,862,GUATEQUE
2017-04-15,1088,GUATEQUE
2017-02-13,926,GUATEQUE
2017-04-09,1920,GUATEQUE
2017-04-06,1255,GUATEQUE
2017-03-21,1463,GUAYATÁ
2017-04-27,738,GUAYATÁ
2017-02-24,1400,GUAYATÁ
2017-04-24,1566,GÜICÁN
2017-02-21,960,GÜICÁN
2017-03-28,946,GÜICÁN
2017-04-17,1849,GÜICÁN
2017-04-15,1144,GÜICÁN
2017-04-06,340,IZA
2017-05-03,551,JENESANO
2017-02-07,292,JENESANO
2017-04-21,1960,JENESANO
2017-02-09,228,JENESANO
2017-04-06,936,JENESANO
2017-05-15,74,JENESANO
2017-04-09,1892,JENESANO
2017-04-06,291,JENESANO
2017-01-30,565,JERICÓ
2017-03-02,1059,JERICÓ
2017-04-07,1107,JERICÓ
2017-04-08,1752,JERICÓ
2017-02-23,430,JERICÓ
2017-02-23,118,JERICÓ
2017-04-24,1353,JERICÓ
2017-03-21,897,JERICÓ
2017-03-24,72,JERICÓ
2017-04-22,443,JERICÓ
2017-03-29,192,LA CAPILLA
2017-02-27,1802,LA CAPILLA
2017-03-24,1888,LA UVITA
2017-05-10,339,LA UVITA
2017-04-07,774,LA VICTORIA
2017-02-24,1372,LA VICTORIA
2017-03-08,504,LABRANZAGRANDE
2017-03-08,1997,LABRANZAGRANDE
2017-04-21,485,LABRANZAGRANDE
2017-02-18,1116,LABRANZAGRANDE
2017-03-15,1634,MACANAL
2017-02-06,309,MACANAL
2017-03-06,1451,MACANAL
2017-03-03,842,MARIPÍ
2017-05-13,765,MARIPÍ
2017-04-23,94,MARIPÍ
2017-03-15,1342,MARIPÍ
2017-03-13,1520,MARIPÍ
2017-05-22,1167,MARIPÍ
2017-02-28,1056,MIRAFLORES
2017-02-04,227,MIRAFLORES
2017-02-01,63,MONGUA
2017-04-29,1539,MONGUA
2017-04-09,1164,MONGUA
2017-04-25,371,MONGUÍ
2017-04-11,43,MONGUÍ
2017-04-21,665,MONIQUIRÁ
2017-03-14,241,MONIQUIRÁ
2017-02-04,474,MONIQUIRÁ
2017-05-10,1329,MONIQUIRÁ
2017-03-03,419,MONIQUIRÁ
2017-03-06,412,MONIQUIRÁ
2017-01-31,1898,MONIQUIRÁ
2017-05-15,1335,MONIQUIRÁ
2017-04-20,1895,MONIQUIRÁ
2017-05-03,1435,MONIQUIRÁ
2017-02-27,1736,MOTAVITA
2017-04-13,461,MOTAVITA
2017-05-05,1632,MOTAVITA
2017-04-29,1963,MUZO
2017-05-10,370,MUZO
2017-03-28,307,MUZO
2017-05-20,1432,MUZO
2017-03-30,571,MUZO
2017-04-23,710,MUZO
2017-03-06,481,MUZO
2017-03-25,766,NOBSA
2017-04-03,1631,NOBSA
2017-02-11,1524,NOBSA
2017-05-07,1361,NOBSA
2017-04-10,1744,NOBSA
2017-03-21,64,NUEVO COLÓN
2017-02-20,1651,NUEVO COLÓN
2017-04-29,1526,NUEVO COLÓN
2017-03-02,1174,NUEVO COLÓN
2017-02-27,829,NUEVO COLÓN
2017-04-01,125,OICATÁ
2017-02-14,1584,OICATÁ
2017-04-27,712,OICATÁ
2017-03-25,317,OTANCHE
2017-05-08,641,OTANCHE
2017-05-10,1328,OTANCHE
2017-03-10,1209,OTANCHE
2017-03-25,1703,OTANCHE
2017-04-16,575,OTANCHE
2017-04-26,881,OTANCHE
2017-05-22,335,OTANCHE
2017-04-25,1036,PACHAVITA
2017-02-11,1868,PACHAVITA
2017-02-06,352,PÁEZ
2017-03-03,1000,PÁEZ
2017-05-22,23,PAIPA
2017-02-22,180,PAIPA
2017-03-10,578,PAIPA
2017-02-23,1776,PAIPA
2017-05-01,332,PAIPA
2017-05-26,1708,PAIPA
2017-04-29,223,PAIPA
2017-03-12,1861,PAIPA
2017-02-27,1033,PAIPA
2017-05-06,1102,PAIPA
2017-03-14,267,PAIPA
2017-03-07,594,PAIPA
2017-04-20,1635,PAIPA
2017-02-27,1491,PAIPA
2017-04-13,577,PAIPA
2017-02-18,1137,PAJARITO
2017-02-01,1833,PAJARITO
2017-05-19,381,PAJARITO
2017-03-20,1500,PAJARITO
2017-05-25,761,PANQUEBA
2017-03-04,321,PANQUEBA
2017-02-02,1941,PANQUEBA
2017-03-06,1273,PAUNA
2017-02-13,1417,PAUNA
2017-02-21,1296,PAUNA
2017-04-15,1412,PAUNA
2017-02-24,998,PAUNA
2017-03-04,2005,PAUNA
2017-02-06,659,PAUNA
2017-03-20,989,PAUNA
2017-02-28,116,PAYA
2017-04-28,1035,PAYA
2017-05-13,408,PAYA
2017-02-11,831,PAYA
2017-03-30,81,PAZ DE RÍO
2017-03-03,1556,PAZ DE RÍO
2017-04-12,359,PESCA
2017-05-15,794,PESCA
2017-04-26,1614,PESCA
2017-03-21,895,PESCA
2017-03-02,859,PESCA
2017-03-08,207,PESCA
2017-05-17,503,PISBA
2017-02-08,1908,PISBA
2017-03-21,239,PUERTO BOYACÁ
2017-03-17,166,PUERTO BOYACÁ
2017-05-25,464,PUERTO BOYACÁ
2017-03-17,1207,PUERTO BOYACÁ
2017-05-21,1327,PUERTO BOYACÁ
2017-03-16,316,PUERTO BOYACÁ
2017-03-24,1308,PUERTO BOYACÁ
2017-02-10,1241,PUERTO BOYACÁ
2017-04-20,1757,PUERTO BOYACÁ
2017-05-03,1032,PUERTO BOYACÁ
2017-01-31,699,PUERTO BOYACÁ
2017-02-23,1547,PUERTO BOYACÁ
2017-05-15,1076,PUERTO BOYACÁ
2017-02-14,1907,PUERTO BOYACÁ
2017-03-22,1940,PUERTO BOYACÁ
2017-03-06,657,PUERTO BOYACÁ
2017-03-20,13,PUERTO BOYACÁ
2017-03-31,519,PUERTO BOYACÁ
2017-02-24,1777,PUERTO BOYACÁ
2017-05-11,110,PUERTO BOYACÁ
2017-05-13,1480,PUERTO BOYACÁ
2017-02-19,275,QUÍPAMA
2017-02-13,1208,QUÍPAMA
2017-03-04,980,QUÍPAMA
2017-02-21,186,QUÍPAMA
2017-02-28,1968,QUÍPAMA
2017-03-30,62,RAMIRIQUÍ
2017-04-14,476,RAMIRIQUÍ
2017-05-17,475,RAMIRIQUÍ
2017-02-07,182,RAMIRIQUÍ
2017-04-21,824,RAMIRIQUÍ
2017-04-22,1371,RAMIRIQUÍ
2017-02-07,1085,RÁQUIRA
2017-05-18,1822,RÁQUIRA
2017-04-11,1013,RÁQUIRA
2017-04-02,1130,RÁQUIRA
2017-04-09,903,RÁQUIRA
2017-02-27,387,RÁQUIRA
2017-05-09,944,RÁQUIRA
2017-02-07,384,RÁQUIRA
2017-04-28,70,RÁQUIRA
2017-04-04,1758,RÁQUIRA
2017-05-26,1625,RONDÓN
2017-05-17,71,RONDÓN
2017-04-30,1829,RONDÓN
2017-05-16,315,SABOYÁ
2017-03-25,1490,SABOYÁ
2017-02-27,1114,SABOYÁ
2017-03-04,826,SABOYÁ
2017-02-15,1869,SABOYÁ
2017-01-30,875,SABOYÁ
2017-03-29,1573,SABOYÁ
2017-03-06,347,SABOYÁ
2017-05-13,1935,SABOYÁ
2017-05-13,1359,SABOYÁ
2017-04-13,1430,SABOYÁ
2017-02-14,825,SABOYÁ
2017-02-25,689,SABOYÁ
2017-03-31,1760,SABOYÁ
2017-05-21,195,SABOYÁ
2017-03-19,91,SABOYÁ
2017-02-22,530,SABOYÁ
2017-04-27,717,SABOYÁ
2017-02-20,1292,SABOYÁ
2017-04-17,943,SABOYÁ
2017-03-30,1766,SABOYÁ
2017-03-13,1978,SÁCHICA
2017-03-14,1239,SÁCHICA
2017-02-14,420,SÁCHICA
2017-03-10,549,SAMACÁ
2017-02-12,769,SAMACÁ
2017-04-01,1358,SAMACÁ
2017-03-10,1171,SAMACÁ
2017-03-04,1623,SAMACÁ
2017-01-31,1503,SAMACÁ
2017-03-25,1393,SAMACÁ
2017-03-30,75,SAMACÁ
2017-03-24,1301,SAMACÁ
2017-03-26,1053,SAMACÁ
2017-04-02,1049,SAMACÁ
2017-05-16,650,SAMACÁ
2017-05-02,418,SAMACÁ
2017-01-31,1686,SAMACÁ
2017-02-11,1203,SAMACÁ
2017-04-14,214,SAMACÁ
2017-04-06,1690,SAMACÁ
2017-04-04,927,SAMACÁ
2017-02-04,1425,SAN EDUARDO
2017-05-03,1355,SAN EDUARDO
2017-04-05,1154,SAN JOSÉ DE PARE
2017-05-22,1268,SAN JOSÉ DE PARE
2017-02-04,1234,SAN JOSÉ DE PARE
2017-05-19,1724,SAN JOSÉ DE PARE
2017-01-31,1452,SAN JOSÉ DE PARE
2017-04-04,1290,SAN LUIS DE GACENO
2017-02-18,925,SAN LUIS DE GACENO
2017-03-26,1409,SAN LUIS DE GACENO
2017-05-21,976,SAN LUIS DE GACENO
2017-05-11,865,SAN MATEO
2017-03-31,422,SAN MATEO
2017-05-03,308,SAN MATEO
2017-02-04,673,SAN MATEO
2017-04-16,1701,SAN MIGUEL DE SEMA
2017-04-22,1571,SAN MIGUEL DE SEMA
2017-02-27,1206,SAN MIGUEL DE SEMA
2017-03-09,147,SAN MIGUEL DE SEMA
2017-03-16,758,SAN PABLO DE BORBUR
2017-05-04,1336,SAN PABLO DE BORBUR
2017-04-28,1247,SAN PABLO DE BORBUR
2017-05-11,323,SAN PABLO DE BORBUR
2017-04-08,282,SAN PABLO DE BORBUR
2017-02-25,1438,SANTA MARÍA
2017-03-12,146,SANTA MARÍA
2017-04-02,54,SANTA MARÍA
2017-05-11,1880,SANTA ROSA DE VITERBO
2017-03-02,4,SANTA ROSA DE VITERBO
2017-04-11,1314,SANTA ROSA DE VITERBO
2017-02-28,243,SANTA ROSA DE VITERBO
2017-04-03,572,SANTA SOFÍA
2017-04-19,1190,SANTA SOFÍA
2017-04-08,556,SANTANA
2017-04-03,1663,SANTANA
2017-03-26,1101,SANTANA
2017-02-15,841,SATIVANORTE
2017-04-07,1422,SATIVANORTE
2017-02-10,1180,SATIVANORTE
2017-02-05,1185,SATIVANORTE
2017-04-09,562,SATIVANORTE
2017-04-22,1951,SATIVANORTE
2017-05-21,1808,SATIVASUR
2017-03-13,399,SIACHOQUE
2017-05-25,29,SIACHOQUE
2017-03-29,2000,SIACHOQUE
2017-03-17,245,SIACHOQUE
2017-05-09,1575,SIACHOQUE
2017-03-13,1882,SIACHOQUE
2017-03-25,11,SIACHOQUE
2017-02-17,969,SIACHOQUE
2017-04-28,1666,SIACHOQUE
2017-03-05,972,SIACHOQUE
2017-04-09,1933,SOATÁ
2017-02-20,668,SOATÁ
2017-02-26,1674,SOATÁ
2017-02-03,1582,SOCHA
2017-04-29,119,SOCHA
2017-03-01,1251,SOCHA
2017-04-30,808,SOCHA
2017-04-29,607,SOCHA
2017-05-05,1098,SOCOTÁ
2017-02-03,458,SOCOTÁ
2017-02-13,173,SOCOTÁ
2017-02-17,588,SOCOTÁ
2017-05-09,354,SOCOTÁ
2017-02-04,869,SOCOTÁ
2017-04-15,527,SOCOTÁ
2017-04-08,1952,SOCOTÁ
2017-04-18,800,SOCOTÁ
2017-03-12,853,SOCOTÁ
2017-04-12,1128,SOCOTÁ
2017-02-17,1025,SOGAMOSO
2017-05-04,1903,SOGAMOSO
2017-03-15,662,SOGAMOSO
2017-03-30,265,SOGAMOSO
2017-02-26,1309,SOGAMOSO
2017-04-28,1061,SOMONDOCO
2017-04-05,1096,SOMONDOCO
2017-04-17,1324,SORA
2017-03-16,484,SORA
2017-02-27,1918,SORA
2017-02-15,1493,SORA
2017-02-02,1601,SORACÁ
2017-05-14,1741,SORACÁ
2017-05-08,1108,SORACÁ
2017-02-26,1551,SORACÁ
2017-05-16,1860,SORACÁ
2017-02-02,1176,SORACÁ
2017-05-14,1448,SORACÁ
2017-03-19,978,SORACÁ
2017-02-16,376,SOTAQUIRÁ
2017-02-18,406,SOTAQUIRÁ
2017-03-21,1718,SOTAQUIRÁ
2017-04-25,985,SOTAQUIRÁ
2017-03-24,1899,SOTAQUIRÁ
2017-03-16,1643,SOTAQUIRÁ
2017-02-12,1440,SOTAQUIRÁ
2017-03-29,1580,SOTAQUIRÁ
2017-03-10,681,SOTAQUIRÁ
2017-03-28,1420,SOTAQUIRÁ
2017-02-06,1072,SOTAQUIRÁ
2017-03-24,1515,SUSACÓN
2017-02-05,1784,SUSACÓN
2017-05-11,1406,SUTAMARCHÁN
2017-03-14,1081,SUTATENZA
2017-03-31,1630,SUTATENZA
2017-02-15,1889,SUTATENZA
2017-05-03,1653,SUTATENZA
2017-03-25,1767,TASCO
2017-02-08,1878,TASCO
2017-03-17,718,TASCO
2017-02-12,55,TASCO
2017-03-28,1487,TASCO
2017-05-18,1737,TASCO
2017-05-18,857,TENZA
2017-01-31,1800,TENZA
2017-05-05,1592,TENZA
2017-02-24,579,TENZA
2017-03-19,609,TIBANÁ
2017-04-15,670,TIBANÁ
2017-02-02,79,TIBANÁ
2017-03-02,996,TIBANÁ
2017-05-20,1177,TIBANÁ
2017-05-11,784,TIBANÁ
2017-05-23,1126,TIBANÁ
2017-02-17,277,TIBASOSA
2017-02-22,188,TIBASOSA
2017-02-26,126,TIBASOSA
2017-03-01,490,TIBASOSA
2017-02-18,771,TIBASOSA
2017-05-12,595,TIBASOSA
2017-02-17,1518,TIBASOSA
2017-02-23,1067,TIBASOSA
2017-02-04,1511,TIBASOSA
2017-04-14,1216,TIBASOSA
2017-05-22,713,TINJACÁ
2017-05-12,1931,TIPACOQUE
2017-02-20,697,TIPACOQUE
2017-02-04,919,TIPACOQUE
2017-05-17,38,TIPACOQUE
2017-03-15,1856,TIPACOQUE
2017-02-25,109,TOCA
2017-02-14,368,TOCA
2017-04-01,762,TOCA
2017-02-04,67,TOCA
2017-02-07,305,TOCA
2017-02-22,678,TOCA
2017-03-20,901,TOGÜÍ
2017-02-15,645,TOGÜÍ
2017-03-07,298,TOGÜÍ
2017-04-22,576,TOGÜÍ
2017-05-25,1698,TOGÜÍ
2017-03-01,967,TOGÜÍ
2017-05-22,59,TOGÜÍ
2017-04-26,276,TÓPAGA
2017-04-09,1396,TÓPAGA
2017-03-22,597,TÓPAGA
2017-02-20,1377,TOTA
2017-05-12,1415,TOTA
2017-03-27,1761,TOTA
2017-05-12,184,TOTA
2017-04-24,642,TOTA
2017-04-29,1661,TOTA
2017-05-24,300,TOTA
2017-02-14,1018,TOTA
2017-04-28,773,TOTA
2017-05-12,200,TOTA
2017-05-13,1641,TOTA
2017-02-01,622,TOTA
2017-03-08,1389,TUNJA
2017-02-03,812,TUNJA
2017-04-01,1894,TUNJA
2017-02-20,747,TUNJA
2017-05-15,1199,TUNJA
2017-03-06,1496,TUNJA
2017-05-19,152,TUNJA
2017-04-19,544,TUNUNGUÁ
2017-05-23,1495,TUNUNGUÁ
2017-02-13,1847,TURMEQUÉ
2017-02-09,602,TURMEQUÉ
2017-05-04,1071,TURMEQUÉ
2017-03-21,896,TURMEQUÉ
2017-03-07,1867,TURMEQUÉ
2017-04-04,646,TUTA
2017-02-21,1597,TUTA
2017-02-25,1720,TUTA
2017-04-01,714,TUTA
2017-04-07,68,TUTA
2017-05-11,160,TUTA
2017-02-22,1497,TUTAZÁ
2017-04-26,1027,TUTAZÁ
2017-04-21,240,TUTAZÁ
2017-02-01,757,UMBITA
2017-05-05,1795,UMBITA
2017-04-01,351,UMBITA
2017-03-14,1052,UMBITA
2017-02-16,346,UMBITA
2017-03-09,343,UMBITA
2017-04-14,1531,UMBITA
2017-04-16,1664,UMBITA
2017-02-12,86,UMBITA
2017-03-30,377,UMBITA
2017-05-05,1074,UMBITA
2017-05-02,910,UMBITA
2017-04-08,1492,UMBITA
2017-02-25,114,UMBITA
2017-03-08,999,VENTAQUEMADA
2017-05-07,1326,VENTAQUEMADA
2017-02-12,735,VENTAQUEMADA
2017-04-14,169,VENTAQUEMADA
2017-04-05,1565,VENTAQUEMADA
2017-05-17,1270,VENTAQUEMADA
2017-03-15,1441,VENTAQUEMADA
2017-05-09,964,VENTAQUEMADA
2017-02-28,864,VENTAQUEMADA
2017-05-18,221,VENTAQUEMADA
2017-03-31,3,VENTAQUEMADA
2017-04-02,421,VILLA DE LEYVA
2017-03-24,617,VILLA DE LEYVA
2017-02-09,1090,VILLA DE LEYVA
2017-04-03,1834,VILLA DE LEYVA
2017-03-06,389,VIRACACHÁ
2017-04-24,250,VIRACACHÁ
2017-04-08,1341,VIRACACHÁ
2017-03-19,1605,VIRACACHÁ
2017-03-17,1626,ZETAQUIRA
2017-04-02,1804,ZETAQUIRA
2017-03-29,1684,ZETAQUIRA
2017-04-21,973,ZETAQUIRA
2017-02-18,1900,ZETAQUIRA
2017-03-18,497,ZETAQUIRA
2017-04-25,1694,BUSBANZÁ
2017-04-07,695,GUATEQUE
2017-02-10,1218,LABRANZAGRANDE
2017-03-30,139,TIBASOSA
2017-05-26,640,ALMEIDA
2017-05-01,1911,AQUITANIA
2017-05-14,1443,AQUITANIA
2017-03-10,805,ARCABUCO
2017-05-05,997,ARCABUCO
2017-04-20,1729,BELÉN
2017-03-30,1461,BELÉN
2017-04-26,1928,BELÉN
2017-04-07,1790,BERBEO
2017-04-08,1926,BETÉITIVA
2017-02-18,113,BOAVITA
2017-02-10,592,BOAVITA
2017-05-06,395,BOAVITA
2017-04-16,708,BOYACÁ
2017-03-01,898,BOYACÁ
2017-03-20,1817,BRICEÑO
2017-02-06,1051,BRICEÑO
2017-05-15,716,BUENAVISTA
2017-02-07,902,BUSBANZÁ
2017-03-14,671,CALDAS
2017-04-01,638,CALDAS
2017-05-17,1041,CAMPOHERMOSO
2017-05-05,873,CERINZA
2017-01-31,855,CERINZA
2017-02-09,591,CERINZA
2017-03-29,1962,CHINAVITA
2017-02-20,1455,CHINAVITA
2017-03-30,348,CHIQUINQUIRÁ
2017-05-11,1845,CHIQUINQUIRÁ
2017-05-21,746,CHIQUINQUIRÁ
2017-05-02,39,CHIQUINQUIRÁ
2017-04-18,569,CHIQUINQUIRÁ
2017-05-04,846,CHIQUINQUIRÁ
2017-04-17,1826,CHIQUINQUIRÁ
2017-02-05,201,CHIQUINQUIRÁ
2017-03-11,1124,CHIQUINQUIRÁ
2017-01-31,1807,CHIQUINQUIRÁ
2017-04-24,507,CHIQUINQUIRÁ
2017-05-10,1654,CHIQUINQUIRÁ
2017-05-17,669,CHIQUINQUIRÁ
2017-04-11,1645,CHIQUINQUIRÁ
2017-03-10,1131,CHÍQUIZA
2017-04-03,1794,CHÍQUIZA
2017-04-11,955,CHISCAS
2017-03-09,1586,CHITA
2017-05-05,155,CHITA
2017-01-31,168,CHITA
2017-04-13,167,CHITA
2017-03-18,1453,CHITA
2017-02-17,296,CHITARAQUE
2017-03-26,1391,CHIVATÁ
2017-04-18,1478,CHIVOR
2017-04-12,24,CIÉNEGA
2017-02-18,1922,CIÉNEGA
2017-04-22,65,CIÉNEGA
2017-03-19,100,CÓMBITA
2017-05-01,810,CÓMBITA
2017-03-13,1240,CÓMBITA
2017-02-16,1748,COPER
2017-04-14,871,COPER
2017-04-19,401,CORRALES
2017-04-17,1999,COVARACHÍA
2017-03-01,932,CUBARÁ
2017-04-18,1919,CUBARÁ
2017-05-03,209,CUCAITA
2017-04-12,52,CUCAITA
2017-02-16,983,CUCAITA
2017-01-31,1253,EL COCUY
2017-03-14,1008,EL COCUY
2017-04-03,1099,EL ESPINO
2017-04-15,1153,FIRAVITOBA
2017-03-26,753,FLORESTA
2017-03-31,1319,FLORESTA
2017-05-09,1732,GACHANTIVÁ
2017-05-06,483,GACHANTIVÁ
2017-04-11,1683,GAMEZA
2017-04-18,833,GAMEZA
2017-03-18,894,GAMEZA
2017-02-12,787,GARAGOA
2017-04-27,620,GARAGOA
2017-01-31,613,GARAGOA
2017-02-15,1477,GUACAMAYAS
2017-03-30,1985,GUATEQUE
2017-03-16,1460,GUATEQUE
2017-02-14,1191,GUATEQUE
2017-03-17,816,GUATEQUE
2017-03-18,1214,GUAYATÁ
2017-03-15,58,GUAYATÁ
2017-04-23,8,GÜICÁN
2017-05-21,1622,IZA
2017-04-27,407,IZA
2017-02-17,1250,JENESANO
2017-04-12,217,JENESANO
2017-03-30,501,JERICÓ
2017-03-17,725,JERICÓ
2017-03-04,56,LA CAPILLA
2017-04-20,1927,LA CAPILLA
2017-02-19,1373,LA UVITA
2017-02-21,1318,LA UVITA
2017-05-02,1447,LA VICTORIA
2017-05-08,1315,LABRANZAGRANDE
2017-04-28,893,MACANAL
2017-01-31,1151,MACANAL
2017-04-09,161,MARIPÍ
2017-02-11,528,MARIPÍ
2017-03-17,1421,MIRAFLORES
2017-05-27,581,MIRAFLORES
2017-03-24,467,MONGUA
2017-02-15,410,MONGUA
2017-05-06,1445,MONGUA
2017-05-04,1182,MONGUÍ
2017-03-12,924,MONGUÍ
2017-03-24,362,MONGUÍ
2017-05-03,623,MONIQUIRÁ
2017-03-01,496,MONIQUIRÁ
2017-03-21,776,MONIQUIRÁ
2017-05-26,1077,MONIQUIRÁ
2017-03-04,358,MONIQUIRÁ
2017-05-01,1533,MONIQUIRÁ
2017-02-24,1021,MONIQUIRÁ
2017-02-07,850,MONIQUIRÁ
2017-04-17,915,MONIQUIRÁ
2017-02-22,255,MOTAVITA
2017-05-07,1621,MOTAVITA
2017-02-24,652,MUZO
2017-02-06,1745,MUZO
2017-02-21,107,MUZO
2017-05-13,913,NOBSA
2017-02-11,176,NUEVO COLÓN
2017-03-21,1212,OICATÁ
2017-04-26,1636,OTANCHE
2017-01-31,653,OTANCHE
2017-05-21,1331,PACHAVITA
2017-04-05,691,PÁEZ
2017-03-16,454,PÁEZ
2017-04-13,37,PAIPA
2017-02-01,1043,PAIPA
2017-05-27,830,PAIPA
2017-02-23,1143,PAIPA
2017-03-20,1386,PAIPA
2017-02-23,536,PAJARITO
2017-04-08,96,PAJARITO
2017-02-23,803,PANQUEBA
2017-03-15,1407,PAUNA
2017-02-28,1424,PAUNA
2017-03-22,692,PAYA
2017-05-03,1876,PAZ DE RÍO
2017-03-31,1528,PAZ DE RÍO
2017-02-15,1871,PESCA
2017-02-06,778,PESCA
2017-03-10,1123,PESCA
2017-05-20,435,PESCA
2017-02-17,259,PISBA
2017-03-25,739,PUERTO BOYACÁ
2017-03-19,1594,PUERTO BOYACÁ
2017-05-15,1706,PUERTO BOYACÁ
2017-03-26,1330,PUERTO BOYACÁ
2017-05-04,599,PUERTO BOYACÁ
2017-03-15,1482,PUERTO BOYACÁ
2017-02-10,311,PUERTO BOYACÁ
2017-05-26,632,PUERTO BOYACÁ
2017-05-13,439,QUÍPAMA
2017-04-13,909,QUÍPAMA
2017-04-06,1037,QUÍPAMA
2017-04-30,1958,RAMIRIQUÍ
2017-03-10,1938,RAMIRIQUÍ
2017-02-22,1779,RAMIRIQUÍ
2017-03-22,1005,RÁQUIRA
2017-02-15,1884,RÁQUIRA
2017-05-12,2002,RONDÓN
2017-02-08,273,SABOYÁ
2017-05-26,974,SABOYÁ
2017-02-27,480,SABOYÁ
2017-02-05,1489,SÁCHICA
2017-03-01,242,SAMACÁ
2017-02-05,1297,SAMACÁ
2017-04-16,1449,SAMACÁ
2017-05-16,350,SAN JOSÉ DE PARE
2017-04-28,69,SAN JOSÉ DE PARE
2017-02-27,73,SAN JOSÉ DE PARE
2017-03-20,1083,SAN LUIS DE GACENO
2017-05-01,1687,SAN LUIS DE GACENO
2017-03-02,235,SAN LUIS DE GACENO
2017-05-20,1070,SAN MIGUEL DE SEMA
2017-01-31,1454,SAN MIGUEL DE SEMA
2017-05-07,759,SAN PABLO DE BORBUR
2017-04-28,16,SANTA MARÍA
2017-05-16,1947,SANTA ROSA DE VITERBO
2017-03-11,1374,SANTA ROSA DE VITERBO
2017-05-24,1509,SANTA SOFÍA
2017-03-22,141,SANTANA
2017-03-12,1600,SANTANA
2017-05-18,1384,SATIVANORTE
2017-04-15,33,SATIVASUR
2017-04-30,1612,SIACHOQUE
2017-05-12,883,SIACHOQUE
2017-02-08,1677,SIACHOQUE
2017-02-12,375,SOATÁ
2017-04-03,115,SOCHA
2017-05-20,1743,SOCHA
2017-05-15,1998,SOCHA
2017-03-16,301,SOCOTÁ
2017-03-06,968,SOCOTÁ
2017-05-21,1310,SOCOTÁ
2017-02-20,269,SOCOTÁ
2017-05-22,1161,SOMONDOCO
2017-04-05,1276,SORA
2017-03-13,1553,SORA
2017-03-14,1638,SORACÁ
2017-05-20,238,SOTAQUIRÁ
2017-05-12,1944,SOTAQUIRÁ
2017-03-22,511,SOTAQUIRÁ
2017-03-04,1014,SUSACÓN
2017-02-13,122,SUTAMARCHÁN
2017-04-07,1681,SUTAMARCHÁN
2017-03-28,1896,SUTAMARCHÁN
2017-05-08,232,SUTATENZA
2017-03-22,159,SUTATENZA
2017-03-22,811,TASCO
2017-03-27,1146,TASCO
2017-05-06,1283,TENZA
2017-05-04,1730,TIBANÁ
2017-04-14,809,TIBANÁ
2017-04-26,190,TIBANÁ
2017-03-12,1721,TIBASOSA
2017-03-18,445,TIBASOSA
2017-03-19,1245,TINJACÁ
2017-02-19,1466,TINJACÁ
2017-02-24,1979,TIPACOQUE
2017-04-02,1905,TIPACOQUE
2017-02-26,231,TOCA
2017-02-23,1365,TOCA
2017-04-05,981,TOCA
2017-02-02,1738,TOCA
2017-02-16,416,TOCA
2017-03-16,1472,TOGÜÍ
2017-04-23,26,TOGÜÍ
2017-05-17,1934,TÓPAGA
2017-05-27,1450,TUNUNGUÁ
2017-02-17,750,TURMEQUÉ
2017-05-24,1574,TURMEQUÉ
2017-03-25,1505,TUTA
2017-04-27,522,TUTA
2017-04-14,912,TUTA
2017-05-25,162,TUTAZÁ
2017-02-03,281,UMBITA
2017-02-05,860,UMBITA
2017-05-21,930,UMBITA
2017-02-14,1722,VENTAQUEMADA
2017-04-21,612,VENTAQUEMADA
2017-05-12,1337,VENTAQUEMADA
2017-02-08,1299,VENTAQUEMADA
2017-04-27,220,VILLA DE LEYVA
2017-04-13,1974,VILLA DE LEYVA
2017-05-01,851,VILLA DE LEYVA
2017-03-24,987,VILLA DE LEYVA
2017-01-31,270,VILLA DE LEYVA
2017-03-31,754,VILLA DE LEYVA
2017-05-09,863,VIRACACHÁ
2017-02-03,1029,ZETAQUIRA
2017-05-06,1618,NOBSA
2017-02-25,1514,MONIQUIRÁ
2017-05-01,605,DUITAMA
2017-04-10,1346,ALMEIDA
2017-02-01,1848,SOGAMOSO
2017-03-21,1607,TUNJA
2017-03-22,318,AQUITANIA
2017-04-20,982,ARCABUCO
2017-02-20,93,BELÉN
2017-04-06,1446,BERBEO
2017-03-13,1403,BETÉITIVA
2017-05-02,1,BOAVITA
2017-03-27,9,BOYACÁ
2017-04-04,1231,BRICEÑO
2017-02-23,142,BUENAVISTA
2017-02-12,1543,CALDAS
2017-03-21,1853,CAMPOHERMOSO
2017-02-21,325,CERINZA
2017-04-24,433,CHINAVITA
2017-03-15,1168,CHIQUINQUIRÁ
2017-05-08,0,CHÍQUIZA
2017-03-23,649,CHISCAS
2017-02-21,1596,CHITA
2017-02-07,890,CHITARAQUE
2017-03-05,1152,CHIVATÁ
2017-04-26,1235,CHIVOR
2017-04-14,802,CIÉNEGA
2017-03-17,434,CÓMBITA
2017-02-15,411,COPER
2017-05-08,1141,CORRALES
2017-03-31,1294,COVARACHÍA
2017-04-29,1213,CUBARÁ
2017-03-09,880,CUCAITA
2017-04-18,1699,CUÍTIVA
2017-02-20,1793,EL COCUY
2017-03-26,1812,FIRAVITOBA
2017-02-06,1917,GACHANTIVÁ
2017-05-03,1619,GAMEZA
2017-03-16,1639,GARAGOA
2017-03-29,36,GUACAMAYAS
2017-03-06,1695,GUAYATÁ
2017-04-21,1728,IZA
2017-04-01,1100,JENESANO
2017-04-11,574,LA CAPILLA
2017-05-12,548,LA UVITA
2017-04-01,515,LA VICTORIA
2017-03-15,1932,MACANAL
2017-02-20,314,MIRAFLORES
2017-05-26,1541,MONGUÍ
2017-04-19,1506,MOTAVITA
2017-04-25,1055,MUZO
2017-03-24,331,OICATÁ
2017-02-08,797,OTANCHE
2017-03-18,1479,PACHAVITA
2017-03-18,457,PÁEZ
2017-04-12,1390,PAIPA
2017-05-01,1609,PAJARITO
2017-05-25,1289,PANQUEBA
2017-02-06,532,PAUNA
2017-03-29,1810,PAYA
2017-03-15,866,PAZ DE RÍO
2017-04-13,2003,PESCA
2017-03-03,76,PISBA
2017-04-15,741,PUERTO BOYACÁ
2017-04-12,1866,QUÍPAMA
2017-04-24,1832,RAMIRIQUÍ
2017-03-27,1797,RÁQUIRA
2017-02-09,1039,RONDÓN
2017-05-05,1012,SABOYÁ
2017-02-12,77,SÁCHICA
2017-04-15,12,SAMACÁ
2017-03-09,1265,SAN EDUARDO
2017-03-30,489,SAN JOSÉ DE PARE
2017-04-30,554,SAN LUIS DE GACENO
2017-05-16,179,SAN MATEO
2017-05-14,334,SAN MIGUEL DE SEMA
2017-05-10,1136,SAN PABLO DE BORBUR
2017-05-15,1419,SANTA MARÍA
2017-03-18,2004,SANTA SOFÍA
2017-03-21,98,SANTANA
2017-05-20,1827,SATIVANORTE
2017-05-15,510,SATIVASUR
2017-01-30,1486,SIACHOQUE
2017-04-23,1498,SOATÁ
2017-04-10,1550,SOCHA
2017-02-03,848,SOCOTÁ
2017-02-02,770,SOMONDOCO
2017-02-11,1937,SORA
2017-03-04,1369,SOTAQUIRÁ
2017-04-05,379,SUSACÓN
2017-05-15,744,SUTAMARCHÁN
2017-04-03,1532,SUTATENZA
2017-04-12,523,TASCO
2017-03-14,1578,TENZA
2017-04-27,1411,TIBANÁ
2017-02-16,1080,TINJACÁ
2017-03-09,1211,TIPACOQUE
2017-03-07,1548,TOCA
2017-03-01,977,TOGÜÍ
2017-04-02,1883,TÓPAGA
2017-03-11,127,TOTA
2017-03-05,1814,TUNUNGUÁ
2017-05-10,128,TURMEQUÉ
2017-03-20,637,TUTA
2017-04-05,1046,TUTAZÁ
2017-04-19,706,UMBITA
2017-04-13,105,VENTAQUEMADA
2017-04-16,1437,VILLA DE LEYVA
2017-05-08,136,VIRACACHÁ
2017-05-12,254,OTANCHE
2017-05-06,682,PUERTO BOYACÁ
2017-03-27,1278,AQUITANIA
2017-02-21,203,AQUITANIA
2017-04-28,525,AQUITANIA
2017-04-04,402,AQUITANIA
2017-04-24,230,AQUITANIA
2017-02-19,1050,AQUITANIA
2017-03-16,1172,AQUITANIA
2017-04-05,958,AQUITANIA
2017-03-07,1996,AQUITANIA
2017-03-11,18,AQUITANIA
2017-05-26,1561,AQUITANIA
2017-02-19,5,AQUITANIA
2017-03-11,1481,AQUITANIA
2017-02-13,1552,AQUITANIA
2017-04-15,1360,ARCABUCO
2017-02-13,189,ARCABUCO
2017-02-16,1513,ARCABUCO
2017-02-06,1534,ARCABUCO
2017-02-16,25,ARCABUCO
2017-04-19,1066,BELÉN
2017-05-16,1590,BELÉN
2017-04-10,28,BELÉN
2017-04-09,658,BELÉN
2017-04-17,560,BELÉN
2017-03-19,636,BELÉN
2017-02-08,557,BELÉN
2017-03-08,1734,BELÉN
2017-04-02,1286,BELÉN
2017-03-15,849,BERBEO
2017-02-20,1783,BETÉITIVA
2017-02-22,1197,BETÉITIVA
2017-03-10,256,BETÉITIVA
2017-05-07,616,BETÉITIVA
2017-05-21,655,BOAVITA
2017-03-28,737,BOAVITA
2017-03-07,341,BOAVITA
2017-02-18,984,BOAVITA
2017-04-13,965,BOAVITA
2017-04-24,153,BOAVITA
2017-05-15,247,BOAVITA
2017-02-07,1073,BOAVITA
2017-03-29,1765,BOAVITA
2017-05-24,1145,BOAVITA
2017-04-20,1560,BOAVITA
2017-04-01,382,BOAVITA
2017-05-09,1302,BOAVITA
2017-05-21,933,BOAVITA
2017-05-07,838,BOYACÁ
2017-02-24,1217,BOYACÁ
2017-03-20,663,BRICEÑO
2017-04-01,1305,BRICEÑO
2017-03-12,1258,BRICEÑO
2017-03-01,1363,BRICEÑO
2017-04-14,614,BRICEÑO
2017-05-20,1228,BRICEÑO
2017-04-21,1404,BRICEÑO
2017-04-06,1243,BRICEÑO
2017-03-27,514,BRICEÑO
2017-03-27,17,BUENAVISTA
2017-04-11,444,BUENAVISTA
2017-04-14,1991,BUENAVISTA
2017-05-18,1118,BUENAVISTA
2017-03-20,394,BUENAVISTA
2017-04-04,428,BUENAVISTA
2017-04-13,626,BUENAVISTA
2017-05-27,1163,BUENAVISTA
2017-02-18,1990,BUENAVISTA
2017-02-13,1471,BUENAVISTA
2017-03-04,1139,BUENAVISTA
2017-03-16,674,BUENAVISTA
2017-04-14,1060,BUENAVISTA
2017-02-04,1707,BUENAVISTA
2017-03-26,1399,CALDAS
2017-04-04,1657,CALDAS
2017-04-11,1356,CALDAS
2017-02-24,219,CAMPOHERMOSO
2017-03-09,755,CAMPOHERMOSO
2017-04-26,1382,CAMPOHERMOSO
2017-04-16,905,CAMPOHERMOSO
2017-04-01,900,CAMPOHERMOSO
2017-04-23,104,CAMPOHERMOSO
2017-02-21,1019,CAMPOHERMOSO
2017-04-08,380,CAMPOHERMOSO
2017-04-27,172,CAMPOHERMOSO
2017-04-26,1221,CAMPOHERMOSO
2017-02-09,1405,CAMPOHERMOSO
2017-02-28,1943,CAMPOHERMOSO
2017-05-14,1955,CAMPOHERMOSO
2017-02-02,1117,CAMPOHERMOSO
2017-05-08,302,CAMPOHERMOSO
2017-04-29,1366,CAMPOHERMOSO
2017-05-27,1252,CERINZA
2017-03-18,806,CERINZA
2017-05-06,821,CERINZA
2017-03-08,1092,CERINZA
2017-04-20,386,CERINZA
2017-05-21,835,CERINZA
2017-05-01,516,CHINAVITA
2017-04-05,1397,CHINAVITA
2017-04-16,1105,CHINAVITA
2017-02-15,1986,CHIQUINQUIRÁ
2017-03-26,1193,CHIQUINQUIRÁ
2017-04-04,51,CHIQUINQUIRÁ
2017-03-27,1272,CHIQUINQUIRÁ
2017-03-14,1304,CHIQUINQUIRÁ
2017-05-17,1714,CHIQUINQUIRÁ
2017-03-11,303,CHIQUINQUIRÁ
2017-03-08,986,CHIQUINQUIRÁ
2017-04-02,1598,CHIQUINQUIRÁ
2017-03-18,509,CHIQUINQUIRÁ
2017-02-20,1488,CHIQUINQUIRÁ
2017-05-21,1201,CHIQUINQUIRÁ
2017-02-07,1897,CHIQUINQUIRÁ
2017-04-03,908,CHIQUINQUIRÁ
2017-05-13,593,CHIQUINQUIRÁ
2017-04-06,1429,CHÍQUIZA
2017-03-01,1764,CHÍQUIZA
2017-03-20,41,CHÍQUIZA
2017-05-21,357,CHISCAS
2017-02-26,156,CHISCAS
2017-05-19,1595,CHISCAS
2017-02-10,492,CHISCAS
2017-05-03,164,CHISCAS
2017-05-14,628,CHISCAS
2017-04-03,1813,CHISCAS
2017-02-20,1576,CHISCAS
2017-05-20,409,CHISCAS
2017-04-05,631,CHISCAS
2017-02-26,1858,CHISCAS
2017-04-01,1323,CHISCAS
2017-05-04,278,CHISCAS
2017-02-11,921,CHISCAS
2017-03-18,1065,CHISCAS
2017-05-12,1964,CHISCAS
2017-01-30,1525,CHISCAS
2017-02-22,906,CHISCAS
2017-02-19,1196,CHITA
2017-03-31,1685,CHITA
2017-03-10,979,CHITA
2017-05-18,1238,CHITA
2017-03-31,1570,CHITA
2017-03-15,486,CHITA
2017-02-26,1771,CHITA
2017-02-02,1850,CHITA
2017-05-24,867,CHITA
2017-02-23,429,CHITA
2017-04-10,143,CHITA
2017-04-24,1133,CHITA
2017-05-04,807,CHITA
2017-02-17,473,CHITA
2017-03-13,1458,CHITARAQUE
2017-03-25,1058,CHITARAQUE
2017-04-28,15,CHITARAQUE
2017-02-10,482,CHIVATÁ
2017-04-15,555,CHIVOR
2017-02-05,1971,CHIVOR
2017-02-28,45,CHIVOR
2017-04-22,839,CIÉNEGA
2017-03-15,175,CIÉNEGA
2017-04-01,1925,CIÉNEGA
2017-05-15,1028,CÓMBITA
2017-03-21,150,CÓMBITA
2017-04-12,705,COPER
2017-02-27,1022,COPER
2017-04-12,1846,COPER
2017-02-13,1923,COPER
2017-03-29,1522,COPER
2017-03-31,1178,COPER
2017-05-02,535,COPER
2017-05-13,211,COPER
2017-03-04,542,COPER
2017-04-12,563,COPER
2017-05-01,88,COPER
2017-04-23,1759,COPER
2017-05-19,520,COPER
2017-02-25,1824,CORRALES
2017-05-27,1746,COVARACHÍA
2017-05-07,963,COVARACHÍA
2017-03-05,287,COVARACHÍA
2017-05-04,1138,COVARACHÍA
2017-02-21,1976,COVARACHÍA
2017-05-27,1587,CUBARÁ
2017-04-04,452,CUBARÁ
2017-03-26,700,CUBARÁ
2017-02-13,213,CUBARÁ
2017-05-23,1891,CUBARÁ
2017-02-24,1160,CUBARÁ
2017-02-17,1343,ALMEIDA
2017-04-10,828,ALMEIDA
2017-02-28,679,ALMEIDA
2017-04-14,1089,ALMEIDA
2017-03-16,1726,EL COCUY
2017-01-31,391,EL COCUY
2017-02-22,372,EL COCUY
2017-03-11,760,EL COCUY
2017-05-11,1149,EL COCUY
2017-03-15,1040,EL COCUY
2017-03-06,78,EL COCUY
2017-05-07,992,EL COCUY
2017-04-17,447,EL COCUY
2017-03-20,1459,EL COCUY
2017-04-18,1106,EL COCUY
2017-03-25,693,EL ESPINO
2017-05-11,131,EL ESPINO
2017-02-17,272,EL ESPINO
2017-04-09,84,EL ESPINO
2017-04-15,260,EL ESPINO
2017-05-10,1462,FIRAVITOBA
2017-05-12,1798,FIRAVITOBA
2017-02-14,92,FIRAVITOBA
2017-04-28,440,FLORESTA
2017-04-22,559,FLORESTA
2017-03-28,1913,FLORESTA
2017-05-23,48,FLORESTA
2017-01-30,1093,FLORESTA
2017-04-16,583,GACHANTIVÁ
2017-02-16,1608,GACHANTIVÁ
2017-02-02,66,GACHANTIVÁ
2017-04-19,819,GACHANTIVÁ
2017-04-12,745,GAMEZA
2017-04-23,427,GAMEZA
2017-04-06,834,GAMEZA
2017-03-09,1852,GAMEZA
2017-04-20,446,GAMEZA
2017-05-21,731,GARAGOA
2017-03-18,1007,GARAGOA
2017-05-13,46,GARAGOA
2017-03-21,1104,GARAGOA
2017-04-03,415,GARAGOA
2017-04-02,455,GARAGOA
2017-04-14,1529,GARAGOA
2017-03-05,1521,GARAGOA
2017-03-18,1045,GARAGOA
2017-02-17,1611,GUACAMAYAS
2017-05-20,1679,GUACAMAYAS
2017-03-03,442,GUAYATÁ
2017-05-05,345,GUAYATÁ
2017-05-24,793,GUAYATÁ
2017-04-03,1057,GUAYATÁ
2017-04-01,1113,GÜICÁN
2017-03-14,1119,GÜICÁN
2017-05-24,1155,GÜICÁN
2017-02-28,553,GÜICÁN
2017-03-15,661,GÜICÁN
2017-02-23,330,GÜICÁN
2017-03-01,1115,GÜICÁN
2017-03-11,451,GÜICÁN
2017-04-19,396,IZA
2017-05-22,495,IZA
2017-05-03,1704,JENESANO
2017-04-23,1038,JENESANO
2017-04-04,194,JENESANO
2017-04-08,1264,JENESANO
2017-04-24,1995,JENESANO
2017-04-24,1246,JERICÓ
2017-04-10,1975,JERICÓ
2017-02-22,1439,JERICÓ
2017-04-15,792,JERICÓ
2017-04-22,601,LA CAPILLA
2017-05-19,6,LA CAPILLA
2017-03-20,603,LA UVITA
2017-04-25,726,LA UVITA
2017-04-13,1961,LA UVITA
2017-02-28,196,LA UVITA
2017-04-07,1457,LA UVITA
2017-04-21,1616,LA UVITA
2017-02-24,567,LA VICTORIA
2017-04-28,479,LA VICTORIA
2017-03-09,552,LA VICTORIA
2017-02-06,1379,LA VICTORIA
2017-03-25,312,LABRANZAGRANDE
2017-04-13,1121,LABRANZAGRANDE
2017-05-20,1839,LABRANZAGRANDE
2017-03-30,1627,LABRANZAGRANDE
2017-02-15,1840,LABRANZAGRANDE
2017-04-10,611,LABRANZAGRANDE
2017-05-24,284,LABRANZAGRANDE
2017-04-14,1281,LABRANZAGRANDE
2017-05-27,1236,LABRANZAGRANDE
2017-05-09,1831,LABRANZAGRANDE
2017-04-10,304,LABRANZAGRANDE
2017-02-10,437,LABRANZAGRANDE
2017-02-09,764,LABRANZAGRANDE
2017-04-10,1508,LABRANZAGRANDE
2017-04-07,280,MACANAL
2017-05-06,733,MACANAL
2017-03-02,570,MACANAL
2017-04-13,95,MACANAL
2017-04-15,832,MACANAL
2017-05-23,299,MACANAL
2017-03-28,604,MACANAL
2017-05-19,1048,MACANAL
2017-04-11,135,MACANAL
2017-04-16,911,MACANAL
2017-03-05,722,MACANAL
2017-04-10,1375,MACANAL
2017-05-20,920,MARIPÍ
2017-04-18,1111,MARIPÍ
2017-05-19,1992,MARIPÍ
2017-04-03,320,MARIPÍ
2017-05-08,1967,MARIPÍ
2017-04-11,400,MARIPÍ
2017-05-22,1095,MARIPÍ
2017-03-27,206,MARIPÍ
2017-03-29,1204,MARIPÍ
2017-03-09,1966,MARIPÍ
2017-03-09,1733,MARIPÍ
2017-04-30,208,MARIPÍ
2017-04-17,615,MARIPÍ
2017-04-05,1150,MARIPÍ
2017-03-28,823,MARIPÍ
2017-02-23,1912,MIRAFLORES
2017-02-20,1017,MIRAFLORES
2017-03-03,32,MIRAFLORES
2017-03-04,163,MIRAFLORES
2017-02-24,610,MIRAFLORES
2017-04-04,817,MIRAFLORES
2017-03-16,310,MIRAFLORES
2017-02-25,49,MIRAFLORES
2017-03-24,971,MIRAFLORES
2017-04-22,261,MIRAFLORES
2017-04-15,1910,MIRAFLORES
2017-03-07,1288,MIRAFLORES
2017-04-10,1904,MIRAFLORES
2017-05-17,1476,MIRAFLORES
2017-05-18,961,MIRAFLORES
2017-02-07,540,MONGUA
2017-02-11,1843,MONGUA
2017-03-02,1468,MONGUA
2017-04-30,390,MONGUA
2017-03-03,1260,MONGUA
2017-03-19,907,MONGUA
2017-05-19,85,MONGUA
2017-03-07,423,MONGUA
2017-02-06,1555,MONGUA
2017-04-01,21,MONGUÍ
2017-05-18,1649,MONGUÍ
2017-03-31,1788,MONGUÍ
2017-03-29,369,MONGUÍ
2017-04-07,1772,MONIQUIRÁ
2017-05-11,1537,MONIQUIRÁ
2017-04-03,1162,MONIQUIRÁ
2017-03-22,1175,MONIQUIRÁ
2017-05-04,929,MONIQUIRÁ
2017-02-09,1993,MONIQUIRÁ
2017-03-24,1830,MONIQUIRÁ
2017-03-08,633,MONIQUIRÁ
2017-02-28,596,MONIQUIRÁ
2017-05-21,297,MONIQUIRÁ
2017-03-20,80,MONIQUIRÁ
2017-03-02,688,MONIQUIRÁ
2017-05-08,466,MONIQUIRÁ
2017-02-16,1749,MONIQUIRÁ
2017-04-23,448,MONIQUIRÁ
2017-03-14,108,MONIQUIRÁ
2017-02-09,1668,MONIQUIRÁ
2017-04-06,258,MOTAVITA
2017-04-27,629,MOTAVITA
2017-02-28,777,MOTAVITA
2017-02-26,1754,MUZO
2017-05-03,788,MUZO
2017-03-30,193,MUZO
2017-04-26,1112,MUZO
2017-05-09,952,MUZO
2017-02-01,383,MUZO
2017-03-27,293,MUZO
2017-02-03,582,MUZO
2017-03-08,1823,MUZO
2017-05-19,19,NUEVO COLÓN
2017-02-02,1156,NUEVO COLÓN
2017-04-06,1781,NUEVO COLÓN
2017-04-18,1572,NUEVO COLÓN
2017-02-08,767,NUEVO COLÓN
2017-04-06,1559,OICATÁ
2017-03-17,1959,OTANCHE
2017-02-27,923,OTANCHE
2017-04-08,1470,OTANCHE
2017-04-26,405,OTANCHE
2017-04-11,218,OTANCHE
2017-05-14,426,OTANCHE
2017-05-22,313,OTANCHE
2017-05-18,1557,OTANCHE
2017-02-25,1613,OTANCHE
2017-03-08,1568,OTANCHE
2017-05-11,373,OTANCHE
2017-03-06,1062,OTANCHE
2017-03-10,1620,OTANCHE
2017-04-29,1433,OTANCHE
2017-03-08,453,OTANCHE
2017-03-04,365,OTANCHE
2017-02-24,1942,PACHAVITA
2017-05-09,518,PACHAVITA
2017-02-16,355,PACHAVITA
2017-05-17,1709,PACHAVITA
2017-03-25,224,PÁEZ
2017-02-04,1134,PÁEZ
2017-04-01,517,PÁEZ
2017-04-13,1142,PÁEZ
2017-03-30,1977,PÁEZ
2017-04-19,1902,PÁEZ
2017-04-01,1179,PÁEZ
2017-03-14,450,PÁEZ
2017-03-15,1675,PÁEZ
2017-04-23,1984,PÁEZ
2017-04-09,1805,PÁEZ
2017-05-13,1125,PÁEZ
2017-03-03,1642,PÁEZ
2017-03-14,752,PÁEZ
2017-03-01,1747,PÁEZ
2017-05-22,171,PÁEZ
2017-03-03,111,PAIPA
2017-04-09,1712,PAIPA
2017-03-15,1773,PAIPA
2017-03-06,449,PAIPA
2017-05-04,1577,PAIPA
2017-05-27,404,PAIPA
2017-02-07,129,PAIPA
2017-05-23,1828,PAIPA
2017-02-05,1697,PAIPA
2017-04-23,149,PAIPA
2017-05-05,882,PAIPA
2017-02-12,1348,PAIPA
2017-03-11,468,PAIPA
2017-02-05,174,PAIPA
2017-05-27,27,PAJARITO
2017-05-23,1339,PANQUEBA
2017-04-30,1890,PANQUEBA
2017-04-14,1229,PAUNA
2017-02-10,1398,PAUNA
2017-04-04,618,PAUNA
2017-05-24,1820,PAUNA
2017-03-09,1881,PAUNA
2017-03-04,940,PAUNA
2017-03-03,1769,PAUNA
2017-03-25,1166,PAUNA
2017-04-16,205,PAUNA
2017-03-27,1617,PAUNA
2017-03-25,392,PAUNA
2017-02-25,704,PAUNA
2017-03-05,1344,PAUNA
2017-04-07,181,PAUNA
2017-02-24,836,PAUNA
2017-02-13,1982,PAUNA
2017-04-30,1980,PAUNA
2017-05-20,1816,PAYA
2017-05-08,1184,PAYA
2017-03-20,938,PAYA
2017-03-31,1266,PAYA
2017-04-24,950,PAYA
2017-01-31,1030,PAYA
2017-04-27,791,PAZ DE RÍO
2017-05-23,34,PAZ DE RÍO
2017-03-23,1194,PAZ DE RÍO
2017-02-11,531,PAZ DE RÍO
2017-02-26,132,PAZ DE RÍO
2017-03-22,1987,PAZ DE RÍO
2017-03-27,995,PAZ DE RÍO
2017-02-20,1280,PESCA
2017-01-30,1929,PESCA
2017-05-12,1954,PESCA
2017-03-23,279,PESCA
2017-04-19,815,PESCA
2017-05-05,191,PESCA
2017-03-21,1589,PESCA
2017-05-27,1003,PESCA
2017-03-21,1002,PESCA
2017-05-24,1981,PESCA
2017-04-16,1682,PISBA
2017-02-16,145,PISBA
2017-05-17,342,PISBA
2017-02-18,1347,PISBA
2017-02-17,322,PUERTO BOYACÁ
2017-03-07,1165,PUERTO BOYACÁ
2017-02-26,385,PUERTO BOYACÁ
2017-02-26,1628,PUERTO BOYACÁ
2017-03-14,251,PUERTO BOYACÁ
2017-03-21,374,PUERTO BOYACÁ
2017-03-13,1502,PUERTO BOYACÁ
2017-03-22,818,PUERTO BOYACÁ
2017-04-26,1713,PUERTO BOYACÁ
2017-02-28,703,PUERTO BOYACÁ
2017-05-14,675,PUERTO BOYACÁ
2017-02-18,814,QUÍPAMA
2017-02-01,1082,QUÍPAMA
2017-02-19,945,QUÍPAMA
2017-03-07,627,QUÍPAMA
2017-05-26,639,QUÍPAMA
2017-03-23,643,QUÍPAMA
2017-04-14,1825,QUÍPAMA
2017-02-15,1862,QUÍPAMA
2017-05-09,356,QUÍPAMA
2017-03-03,294,QUÍPAMA
2017-03-01,1702,QUÍPAMA
2017-01-31,319,QUÍPAMA
2017-05-22,263,QUÍPAMA
2017-03-05,684,QUÍPAMA
2017-03-23,953,QUÍPAMA
2017-02-11,1475,RAMIRIQUÍ
2017-03-19,1591,RAMIRIQUÍ
2017-02-28,1380,RAMIRIQUÍ
2017-03-16,1084,RÁQUIRA
2017-04-01,1031,RÁQUIRA
2017-03-03,42,RÁQUIRA
2017-03-24,719,RONDÓN
2017-05-22,1362,RONDÓN
2017-05-16,1969,RONDÓN
2017-01-31,1004,RONDÓN
2017-03-06,106,RONDÓN
2017-02-15,1267,RONDÓN
2017-03-28,1538,SABOYÁ
2017-03-20,1132,SABOYÁ
2017-02-17,353,SABOYÁ
2017-05-05,1219,SABOYÁ
2017-05-23,1841,SABOYÁ
2017-01-30,1983,SABOYÁ
2017-04-03,1646,SABOYÁ
2017-03-11,1364,SABOYÁ
2017-01-30,1667,SABOYÁ
2017-03-11,1842,SABOYÁ
2017-05-06,1023,SABOYÁ
2017-04-04,1768,SABOYÁ
2017-02-22,499,SABOYÁ
2017-02-19,103,SABOYÁ
2017-04-13,728,SABOYÁ
2017-02-14,1924,SABOYÁ
2017-04-16,889,SABOYÁ
2017-02-06,14,SAMACÁ
2017-03-17,1345,SAN EDUARDO
2017-03-14,651,SAN EDUARDO
2017-05-10,1650,SAN JOSÉ DE PARE
2017-04-21,1120,SAN LUIS DE GACENO
2017-05-07,1078,SAN LUIS DE GACENO
2017-04-24,1789,SAN LUIS DE GACENO
2017-02-01,870,SAN LUIS DE GACENO
2017-02-18,471,SAN LUIS DE GACENO
2017-02-17,1414,SAN LUIS DE GACENO
2017-03-01,709,SAN LUIS DE GACENO
2017-05-12,772,SAN LUIS DE GACENO
2017-05-24,1864,SAN LUIS DE GACENO
2017-02-21,1549,SAN LUIS DE GACENO
2017-02-06,252,SAN LUIS DE GACENO
2017-03-03,505,SAN LUIS DE GACENO
2017-04-15,789,SAN LUIS DE GACENO
2017-01-31,463,SAN LUIS DE GACENO
2017-03-07,1819,SAN LUIS DE GACENO
2017-05-14,1122,SAN MATEO
2017-04-30,1192,SAN MATEO
2017-03-15,1350,SAN MATEO
2017-03-07,477,SAN MATEO
2017-02-10,729,SAN MATEO
2017-02-28,1604,SAN MATEO
2017-05-27,677,SAN MATEO
2017-03-07,625,SAN MATEO
2017-05-17,1295,SAN MATEO
2017-04-17,935,SAN MATEO
2017-03-11,120,SAN MATEO
2017-05-15,1426,SAN MATEO
2017-02-13,1873,SAN MATEO
2017-02-18,801,SAN MIGUEL DE SEMA
2017-04-06,1186,SAN MIGUEL DE SEMA
2017-03-05,1340,SAN PABLO DE BORBUR
2017-04-12,1300,SAN PABLO DE BORBUR
2017-02-20,1523,SAN PABLO DE BORBUR
2017-04-29,393,SAN PABLO DE BORBUR
2017-02-23,151,SAN PABLO DE BORBUR
2017-03-28,914,SAN PABLO DE BORBUR
2017-03-19,1750,SAN PABLO DE BORBUR
2017-02-10,931,SAN PABLO DE BORBUR
2017-05-21,1606,SAN PABLO DE BORBUR
2017-04-01,991,SAN PABLO DE BORBUR
2017-02-16,333,SAN PABLO DE BORBUR
2017-04-19,1507,SAN PABLO DE BORBUR
2017-02-06,1715,SAN PABLO DE BORBUR
2017-02-24,271,SAN PABLO DE BORBUR
2017-02-16,546,SAN PABLO DE BORBUR
2017-05-05,1950,SAN PABLO DE BORBUR
2017-05-26,44,SAN PABLO DE BORBUR
2017-03-30,1158,SANTA MARÍA
2017-03-25,1282,SANTA MARÍA
2017-02-07,1602,SANTA MARÍA
2017-03-03,148,SANTA MARÍA
2017-05-10,539,SANTA MARÍA
2017-05-10,187,SANTA MARÍA
2017-04-22,608,SANTA MARÍA
2017-03-05,526,SANTA MARÍA
2017-01-30,696,SANTA MARÍA
2017-04-01,1401,SANTA MARÍA
2017-05-19,1464,SANTA MARÍA
2017-02-26,541,SANTA ROSA DE VITERBO
2017-04-01,1334,SANTA ROSA DE VITERBO
2017-05-09,780,SANTA ROSA DE VITERBO
2017-03-27,1581,SANTA ROSA DE VITERBO
2017-05-24,1195,SANTA ROSA DE VITERBO
2017-05-11,216,SANTA ROSA DE VITERBO
2017-04-11,198,SANTA SOFÍA
2017-05-14,1774,SANTA SOFÍA
2017-03-10,1225,SANTA SOFÍA
2017-04-11,262,SANTA SOFÍA
2017-03-02,1583,SANTANA
2017-05-09,1671,SATIVANORTE
2017-02-06,768,SATIVANORTE
2017-05-18,580,SATIVANORTE
2017-05-16,199,SATIVANORTE
2017-05-03,1338,SATIVANORTE
2017-04-22,589,SATIVANORTE
2017-02-10,1673,SATIVASUR
2017-04-23,590,SOATÁ
2017-04-11,1262,SOATÁ
2017-02-10,1740,SOATÁ
2017-03-21,1127,SOATÁ
2017-03-19,165,SOATÁ
2017-03-06,664,SOATÁ
2017-04-18,1665,SOATÁ
2017-03-16,1953,SOATÁ
2017-04-13,1544,SOATÁ
2017-04-18,1016,SOATÁ
2017-03-17,1796,SOCHA
2017-02-03,40,SOCHA
2017-03-13,1780,SOCHA
2017-03-11,197,SOCHA
2017-03-25,90,SOCHA
2017-05-25,785,SOCHA
2017-03-31,134,SOCHA
2017-05-15,1354,SOCHA
2017-05-06,644,SOCOTÁ
2017-02-02,488,SOCOTÁ
2017-03-28,1026,SOCOTÁ
2017-02-22,61,SOCOTÁ
2017-02-09,904,SOCOTÁ
2017-02-16,1696,SOCOTÁ
2017-04-01,1725,SOCOTÁ
2017-05-06,775,SOCOTÁ
2017-04-12,1563,SOCOTÁ
2017-04-27,1307,SOCOTÁ
2017-03-30,236,SOCOTÁ
2017-04-15,1603,SOCOTÁ
2017-05-09,1394,SOCOTÁ
2017-05-14,1835,SOCOTÁ
2017-02-21,524,SOCOTÁ
2017-04-30,529,SOCOTÁ
2017-03-13,1431,SOCOTÁ
2017-04-02,561,SOMONDOCO
2017-04-15,1381,SOMONDOCO
2017-02-11,1385,SOMONDOCO
2017-05-08,1735,SOMONDOCO
2017-02-19,246,SORA
2017-03-06,1806,SORA
2017-05-13,1579,SOTAQUIRÁ
2017-02-02,1659,SOTAQUIRÁ
2017-05-18,324,SOTAQUIRÁ
2017-05-07,783,SOTAQUIRÁ
2017-05-06,222,SOTAQUIRÁ
2017-02-14,1989,SOTAQUIRÁ
2017-04-21,796,SUSACÓN
2017-03-22,1427,SUSACÓN
2017-05-17,138,SUSACÓN
2017-02-10,676,SUSACÓN
2017-03-31,1854,SUSACÓN
2017-05-17,630,SUSACÓN
2017-03-03,854,SUSACÓN
2017-03-31,790,SUTAMARCHÁN
2017-03-24,101,SUTAMARCHÁN
2017-04-24,1536,SUTAMARCHÁN
2017-04-28,1676,SUTAMARCHÁN
2017-02-04,204,SUTAMARCHÁN
2017-03-16,1837,SUTAMARCHÁN
2017-05-01,1815,SUTATENZA
2017-04-21,1770,SUTATENZA
2017-03-23,158,SUTATENZA
2017-01-30,962,TASCO
2017-05-03,795,TASCO
2017-03-08,1316,TASCO
2017-05-20,888,TASCO
2017-04-13,922,TASCO
2017-05-04,1727,TASCO
2017-02-05,884,TASCO
2017-04-17,1205,TENZA
2017-03-05,170,TENZA
2017-05-23,1148,TENZA
2017-04-03,1893,TIBANÁ
2017-04-21,1855,TIBANÁ
2017-04-29,1658,TIBANÁ
2017-04-17,229,TIBANÁ
2017-05-10,1223,TIBANÁ
2017-05-01,398,TIBANÁ
2017-05-14,212,TIBANÁ
2017-05-23,1024,TIBANÁ
2017-02-18,742,TINJACÁ
2017-01-30,939,TINJACÁ
2017-02-21,367,TINJACÁ
2017-03-21,1357,TINJACÁ
2017-05-06,1811,TINJACÁ
2017-04-08,1755,TINJACÁ
2017-05-19,1821,TIPACOQUE
2017-01-30,545,TIPACOQUE
2017-03-26,366,TOCA
2017-03-12,721,TOCA
2017-03-27,1662,TOGÜÍ
2017-05-08,1527,TOGÜÍ
2017-05-08,1444,TOGÜÍ
2017-03-04,472,TOGÜÍ
2017-04-23,1791,TOTA
2017-02-04,1678,TUNUNGUÁ
2017-04-06,1792,TUNUNGUÁ
2017-04-18,1230,TUNUNGUÁ
2017-03-09,1321,TUNUNGUÁ
2017-04-05,183,TURMEQUÉ
2017-05-25,1187,TURMEQUÉ
2017-05-11,701,TURMEQUÉ
2017-01-31,1183,TURMEQUÉ
2017-05-19,1097,TURMEQUÉ
2017-02-07,1202,TURMEQUÉ
2017-04-22,99,TURMEQUÉ
2017-04-02,53,TURMEQUÉ
2017-05-15,736,TURMEQUÉ
2017-05-27,1956,TUTA
2017-05-17,1256,TUTA
2017-04-21,338,TUTA
2017-04-26,1994,TUTAZÁ
2017-02-28,988,TUTAZÁ
2017-05-09,1499,TUTAZÁ
2017-05-02,1739,TUTAZÁ
2017-03-30,892,UMBITA
2017-04-14,1210,UMBITA
2017-03-06,1633,UMBITA
2017-04-05,1249,VENTAQUEMADA
2017-05-02,210,VENTAQUEMADA
2017-02-11,513,VENTAQUEMADA
2017-05-08,413,VENTAQUEMADA
2017-04-02,233,VENTAQUEMADA
2017-04-30,1467,VILLA DE LEYVA
2017-04-24,1973,VILLA DE LEYVA
2017-02-01,756,VILLA DE LEYVA
2017-04-26,1402,VIRACACHÁ
2017-05-20,847,ZETAQUIRA
2017-03-22,656,ZETAQUIRA
2017-04-04,22,ZETAQUIRA
2017-04-14,1147,ZETAQUIRA
2017-05-27,1640,ZETAQUIRA
2017-04-20,1483,ZETAQUIRA
2017-03-16,586,ZETAQUIRA
2017-04-22,1875,ZETAQUIRA
2017-03-11,1593,ZETAQUIRA
2017-04-21,133,ZETAQUIRA
2017-04-14,1901,MONIQUIRÁ
